<?xml version="1.0" encoding="UTF-8"?>
<beans xmlns="http://www.springframework.org/schema/beans"
    xmlns:ctx= " http://www.springframework.org/schema/context"
    xmlns:xsi="http://www.w3.org/2001/XMLSchema-instance"
    xsi:schemaLocation="
        http://www.springframework.org/schema/beans 
        	http://www.springframework.org/schema/beans/spring-beans.xsd
        	
         http://www.springframework.org/schema/context 
        	http://www.springframework.org/schema/context/spring-context.xsd
        ">

    <!-- bean definitions here -->
	<!-- <bean id="empService" class="com.cg.java.services.EmpServices" 
	scope="singleton" lazy-init = "true" >
	<property name = "companyName" value="Capgemini Pune"></property>
    <property name = "address" value="Talwade"></property>
     <property name = "services" ref = "salService"></property>
	</bean>  -->
	<bean id="salService" class = "com.cg.java.services.SalaryServices" scope="singleton">
	</bean>
	<bean id="empService" class="com.cg.java.services.EmpServices" 
	scope="singleton" lazy-init = "true">
	<constructor-arg value="Capgemini Pune"></constructor-arg>
	<constructor-arg value="Talwade"></constructor-arg>
	<constructor-arg value="890808"></constructor-arg>
	 <property name = "services" ref = "salService"></property>
	</bean>
</beans> 